﻿course_id,course_name,credits,prof_id,max_students,course_room
101,데이터베이스,3,1,40,공학관 B101
102,프로그래밍기초,3,2,35,공학관 B102
103,경영학원론,3,3,50,경영관 203
104,양자역학,3,4,30,자연관 302
105,알고리즘,3,1,35,공학관 B103
106,인공지능,3,5,40,공학관 B104
107,마케팅원론,3,6,45,경영관 204
108,열역학,3,7,30,자연관 303
109,자료구조,3,2,35,공학관 B105
110,운영체제,3,5,40,공학관 B106
111,회계원리,3,3,45,경영관 205
112,현대물리학,3,4,30,자연관 304
113,컴퓨터네트워크,3,1,35,공학관 B107
114,웹프로그래밍,3,2,40,공학관 B108
115,재무관리,3,6,45,경영관 206
